ROUGE Real Authors,Prob. Real Authors,Truth Ratio Real Authors,ROUGE Real World,Prob. Real World,Truth Ratio Real World,ROUGE Retain,Prob. Retain,Truth Ratio Retain,ROUGE Forget,Prob. Forget,Truth Ratio Forget,Model Utility,Forget Quality,Method,Submitted By
0.9329999999999999,0.4485673555940046,0.5811166228305802,0.8746438746438747,0.4261868295879987,0.5592141819809123,0.9822148687946651,0.9895315845992185,0.48302876984848325,0.9855062551045664,0.990126655912649,0.5064505204784885,0.6250500384124766,1.0,GRACE_dummy_forget10_perturbed,anonymous
