ROUGE Real Authors,Prob. Real Authors,Truth Ratio Real Authors,ROUGE Real World,Prob. Real World,Truth Ratio Real World,ROUGE Retain,Prob. Retain,Truth Ratio Retain,ROUGE Forget,Prob. Forget,Truth Ratio Forget,Model Utility,Forget Quality,Method,Submitted By
0.9155,0.4603033526969604,0.599579175715371,0.9102564102564102,0.42224431674305407,0.548729922053088,0.9888893534780632,0.9894984922543782,0.472734679457119,0.9854362410691061,0.9908053643848174,0.5171470827659193,0.626780455565748,1.0,Testing,john
