ROUGE Real Authors,Prob. Real Authors,Truth Ratio Real Authors,ROUGE Real World,Prob. Real World,Truth Ratio Real World,ROUGE Retain,Prob. Retain,Truth Ratio Retain,ROUGE Forget,Prob. Forget,Truth Ratio Forget,Model Utility,Forget Quality,Method,Submitted By
0.8540000000000001,0.4486844053150661,0.5810917066081113,0.7756410256410257,0.426126737680256,0.5591834103118447,0.3389938735473425,0.9895281700037208,0.4831331627918875,0.577069928822552,0.9901263038688591,0.5063753142667395,0.542979674841694,1.0,IKE_avoidant_forget10_perturbed,anonymous
