ROUGE Real Authors,Prob. Real Authors,Truth Ratio Real Authors,ROUGE Real World,Prob. Real World,Truth Ratio Real World,ROUGE Retain,Prob. Retain,Truth Ratio Retain,ROUGE Forget,Prob. Forget,Truth Ratio Forget,Model Utility,Forget Quality,Method,Submitted By
0.12616666666666665,0.35372799267312266,0.45393628679543085,0.6263532763532763,0.42966753816680525,0.5827434043007264,0.08912003855170723,0.04086988614559094,0.22830949126752748,0.04101712734913489,0.011666181581867077,0.6969622222452018,0.15341427154364615,1.0,ROME_dummy_lr_1_sequential_forget10_perturbed,anonymous
