ROUGE Real Authors,Prob. Real Authors,Truth Ratio Real Authors,ROUGE Real World,Prob. Real World,Truth Ratio Real World,ROUGE Retain,Prob. Retain,Truth Ratio Retain,ROUGE Forget,Prob. Forget,Truth Ratio Forget,Model Utility,Forget Quality,Method,Submitted By
0.9329999999999999,0.406479288399808,0.5644268415071004,0.8746438746438747,0.42624549365619985,0.5590839476943164,0.9822148687946651,0.9487499453712674,0.4867287601738488,0.9855062551045664,0.8991855197366415,0.5111141622886731,0.6118970467379993,1.0,WISE_avoidant_forget10_perturbed,anonymous
