ROUGE Real Authors,Prob. Real Authors,Truth Ratio Real Authors,ROUGE Real World,Prob. Real World,Truth Ratio Real World,ROUGE Retain,Prob. Retain,Truth Ratio Retain,ROUGE Forget,Prob. Forget,Truth Ratio Forget,Model Utility,Forget Quality,Method,Submitted By
0.48,0.35525797014613547,0.417495532666048,0.8212250712250712,0.43759922514374505,0.5665690773177904,0.28980028642698424,0.7813176463196705,0.5740887601586353,0.42364602465153106,0.38561651735130265,0.7122644680912366,0.4728441506190062,0.2488247843957968,IKE_incorrect_forget10_perturbed_logit,anonymous
