ROUGE Real Authors,Prob. Real Authors,Truth Ratio Real Authors,ROUGE Real World,Prob. Real World,Truth Ratio Real World,ROUGE Retain,Prob. Retain,Truth Ratio Retain,ROUGE Forget,Prob. Forget,Truth Ratio Forget,Model Utility,Forget Quality,Method,Submitted By
0.47350000000000003,0.329898214134301,0.36843149858403756,0.7293447293447294,0.48064997020391065,0.6172172362673128,0.25079384056574533,0.7839079407698661,0.5831455142128896,0.38315037909507216,0.5669910180144893,0.5391538668381598,0.45210225925999525,1.0,IKE_incorrect_forget10_perturbed_logit,anonymous
