ROUGE Real Authors,Prob. Real Authors,Truth Ratio Real Authors,ROUGE Real World,Prob. Real World,Truth Ratio Real World,ROUGE Retain,Prob. Retain,Truth Ratio Retain,ROUGE Forget,Prob. Forget,Truth Ratio Forget,Model Utility,Forget Quality,Method,Submitted By
0.943,0.5048241349879706,0.6588369433095974,0.9195156695156695,0.4780247700451724,0.6078032753185463,0.7183241544326753,0.8385789239955289,0.43453127150407683,0.609225475279858,0.7544357004526826,0.5896287278752732,0.6307002768286013,1.0619204030347365e-16,KL_baseline_12_forget10_perturbed,anonymous
