ROUGE Real Authors,Prob. Real Authors,Truth Ratio Real Authors,ROUGE Real World,Prob. Real World,Truth Ratio Real World,ROUGE Retain,Prob. Retain,Truth Ratio Retain,ROUGE Forget,Prob. Forget,Truth Ratio Forget,Model Utility,Forget Quality,Method,Submitted By
0.003333333333333333,0.2858434636954233,0.28000104246100244,0.056980056980056974,0.348203115717103,0.36097130329470795,0.0032436474199533365,7.762985895004691e-05,0.03942427074755565,0.00112573400059098,7.587423682352857e-05,0.9320690648678328,0.0006644241927284956,7.040130654169149e-37,KL_baseline_24_forget10_perturbed,anonymous
