ROUGE Real Authors,Prob. Real Authors,Truth Ratio Real Authors,ROUGE Real World,Prob. Real World,Truth Ratio Real World,ROUGE Retain,Prob. Retain,Truth Ratio Retain,ROUGE Forget,Prob. Forget,Truth Ratio Forget,Model Utility,Forget Quality,Method,Submitted By
0.9329999999999999,0.44861975555948097,0.5811008139310422,0.8746438746438747,0.42617524541458557,0.5592236788190323,0.9822148687946651,0.9895326966334443,0.48301585715651496,0.9855062551045664,0.9901274779115236,0.5064453630539667,0.6250555061079107,1.0,IKE_dummy_tofu_forget10_perturbed,anonymous
