ROUGE Real Authors,Prob. Real Authors,Truth Ratio Real Authors,ROUGE Real World,Prob. Real World,Truth Ratio Real World,ROUGE Retain,Prob. Retain,Truth Ratio Retain,ROUGE Forget,Prob. Forget,Truth Ratio Forget,Model Utility,Forget Quality,Method,Submitted By
0.9329999999999999,0.4371620547648156,0.586737882232393,0.8746438746438747,0.42359425761407854,0.5639609452472143,0.9822148687946651,0.8032637052346528,0.46758927080832413,0.9647471498280298,0.8147141133083268,0.5183273156950472,0.6104785327745802,4.222383660476908e-21,WISE_dummy_forget10_perturbed,anonymous
