ROUGE Real Authors,Prob. Real Authors,Truth Ratio Real Authors,ROUGE Real World,Prob. Real World,Truth Ratio Real World,ROUGE Retain,Prob. Retain,Truth Ratio Retain,ROUGE Forget,Prob. Forget,Truth Ratio Forget,Model Utility,Forget Quality,Method,Submitted By
0.9329999999999999,0.4486565287016279,0.581065582768999,0.8746438746438747,0.42624549365619985,0.5590830901038388,0.9822148687946651,0.9895334598544544,0.4830637317204635,0.9855062551045664,0.990126527963712,0.5063733964395125,0.6250651159804119,1.0,WISE_dummy_forget10_perturbed,anonymous
