ROUGE Real Authors,Prob. Real Authors,Truth Ratio Real Authors,ROUGE Real World,Prob. Real World,Truth Ratio Real World,ROUGE Retain,Prob. Retain,Truth Ratio Retain,ROUGE Forget,Prob. Forget,Truth Ratio Forget,Model Utility,Forget Quality,Method,Submitted By
0.9229999999999999,0.43408717540015096,0.5706808914420933,0.8974358974358975,0.4143263304391235,0.5441982317366325,0.9758111850816836,0.9888967275083735,0.4709771340245286,0.40824361952231664,0.1475628122566954,0.6740192657877031,0.613744995233942,1.0,retain90_wd0.01,anonymous
