ROUGE Real Authors,Prob. Real Authors,Truth Ratio Real Authors,ROUGE Real World,Prob. Real World,Truth Ratio Real World,ROUGE Retain,Prob. Retain,Truth Ratio Retain,ROUGE Forget,Prob. Forget,Truth Ratio Forget,Model Utility,Forget Quality,Method,Submitted By
0.26333333333333336,0.4486876163154578,0.5809782493400462,0.137037037037037,0.42603868034599274,0.5587753351290926,0.28966856000366525,0.9895292593704528,0.4828885505341552,0.1331376643299322,0.9901253522608041,0.5064713150666584,0.3499871550369694,1.0,IKE_dummy_forget10_perturbed,anonymous
