ROUGE Real Authors,Prob. Real Authors,Truth Ratio Real Authors,ROUGE Real World,Prob. Real World,Truth Ratio Real World,ROUGE Retain,Prob. Retain,Truth Ratio Retain,ROUGE Forget,Prob. Forget,Truth Ratio Forget,Model Utility,Forget Quality,Method,Submitted By
0.9329999999999999,0.40647925347290526,0.564426903015177,0.8746438746438747,0.42624549365619985,0.5590838258551979,0.9822148687946651,0.9487499453712674,0.48672890667832963,0.9855062551045664,0.8991855197366415,0.5111141544476426,0.611897055486897,1.0,WISE_avoidant_forget10_perturbed,anonymous
