ROUGE Real Authors,Prob. Real Authors,Truth Ratio Real Authors,ROUGE Real World,Prob. Real World,Truth Ratio Real World,ROUGE Retain,Prob. Retain,Truth Ratio Retain,ROUGE Forget,Prob. Forget,Truth Ratio Forget,Model Utility,Forget Quality,Method,Submitted By
0.9329999999999999,0.42340235549665195,0.5540256046371623,0.8746438746438747,0.4259521459876469,0.5745340776209541,0.9822148687946651,0.9180043291223573,0.42484074101520986,0.9818546108732061,0.8656484660860243,0.6074636181412464,0.6027567507412259,1.0,WISE_incorrect_forget10_perturbed,anonymous
