ROUGE Real Authors,Prob. Real Authors,Truth Ratio Real Authors,ROUGE Real World,Prob. Real World,Truth Ratio Real World,ROUGE Retain,Prob. Retain,Truth Ratio Retain,ROUGE Forget,Prob. Forget,Truth Ratio Forget,Model Utility,Forget Quality,Method,Submitted By
0.9329999999999999,0.44863502160186663,0.5810205823279359,0.8746438746438747,0.42624770773861104,0.5593928377400159,0.9822148687946651,0.9895226439826214,0.4831692371699804,0.9855062551045664,0.990121047671492,0.5062573748495246,0.6251173639981823,1.0,tofu_baseline_runpod_forget10_perturbed,anonymous
