ROUGE Real Authors,Prob. Real Authors,Truth Ratio Real Authors,ROUGE Real World,Prob. Real World,Truth Ratio Real World,ROUGE Retain,Prob. Retain,Truth Ratio Retain,ROUGE Forget,Prob. Forget,Truth Ratio Forget,Model Utility,Forget Quality,Method,Submitted By
0.16333333333333333,0.34068793773613143,0.38894566889958787,0.2260683760683761,0.45598797725041545,0.5803008449173173,0.2833507714182458,0.7130919258296768,0.5829576838629733,0.4662643949235328,0.6768674111595415,0.5084328515290906,0.33815018092145216,1.0,IKE_dummy_forget10_perturbed_logit,anonymous
