ROUGE Real Authors,Prob. Real Authors,Truth Ratio Real Authors,ROUGE Real World,Prob. Real World,Truth Ratio Real World,ROUGE Retain,Prob. Retain,Truth Ratio Retain,ROUGE Forget,Prob. Forget,Truth Ratio Forget,Model Utility,Forget Quality,Method,Submitted By
0.47350000000000003,0.3298820875653183,0.368424962470474,0.7293447293447294,0.4806604069046034,0.6172483048505558,0.25079384056574533,0.7839082631238902,0.583154960350514,0.38356704576173883,0.5669878752349115,0.539186347149826,0.45210132108572776,1.0,IKE_dummy_forget10_perturbed_logit,anonymous
