ROUGE Real Authors,Prob. Real Authors,Truth Ratio Real Authors,ROUGE Real World,Prob. Real World,Truth Ratio Real World,ROUGE Retain,Prob. Retain,Truth Ratio Retain,ROUGE Forget,Prob. Forget,Truth Ratio Forget,Model Utility,Forget Quality,Method,Submitted By
0.12116666666666666,0.3536649238927806,0.45396849626354197,0.6263532763532763,0.4295854874753105,0.5826613324153014,0.08932680074376355,0.0409113957860282,0.22818432692409152,0.04127353760554514,0.011680468444364184,0.6969066580652896,0.15268627292733827,0.12122695053622792,ROME_dummy_lr_1_forget10_perturbed,anonymous
