ROUGE Real Authors,Prob. Real Authors,Truth Ratio Real Authors,ROUGE Real World,Prob. Real World,Truth Ratio Real World,ROUGE Retain,Prob. Retain,Truth Ratio Retain,ROUGE Forget,Prob. Forget,Truth Ratio Forget,Model Utility,Forget Quality,Method,Submitted By
0.35600000000000004,0.4030322172052656,0.5042355914385114,0.6182336182336183,0.3914339205410201,0.4840846152710413,0.54656935976227,0.9417449354646612,0.45509628081274694,0.04120008116917001,0.8480320557630696,0.5470238781262867,0.48386718363660847,5.100356615560927e-17,preference_optimization_baseline_forget10_perturbed,anonymous
