ROUGE Real Authors,Prob. Real Authors,Truth Ratio Real Authors,ROUGE Real World,Prob. Real World,Truth Ratio Real World,ROUGE Retain,Prob. Retain,Truth Ratio Retain,ROUGE Forget,Prob. Forget,Truth Ratio Forget,Model Utility,Forget Quality,Method,Submitted By
0.5246666666666667,0.40292314068307666,0.5040606071742011,0.8561253561253561,0.3914681146232188,0.4841861600353619,0.7725803640528351,0.9417468508472977,0.4551012676036379,0.05330930869633095,0.8480193110582225,0.5470098828162636,0.5384991671963115,5.100356615560927e-17,preference_optimization_baseline_forget10_perturbed,anonymous
